uid,namedLocation,domainID,siteID,plotType,sampleID,sampleCode,collectDate,lmaSampleID,lmaSampleCode,lmaSampleCondition,tissueDescriptor,scanDate,scannedBy,freshMass,ovenStartDate,ovenEndDate,dryMass,weighedBy,scannedLeafNumber,leafArea,percentGreen,leafMassPerArea,dryMassFraction,measuredBy,remarks,dataQF,publicationDate,release,dpID,site_download,year_download,source_table
702b9c6f-b8d4-4deb-ade5-e0dde3a3d03f,MLBS_015.basePlot.cfc,D07,MLBS,distributed,gv/1/Di3XvHFZfWYkattLCPeA+BKw3At6fJXvmNJC4A=,A00000224391,2023-06-05T19:20:00Z,gv/1/Di3XvHFZfWYkattLCPeA+BKw3AtWmdoSzcP2l4=,NA,samples experienced freeze-thaw,leaf,2023-06-09T14:27:00Z,0000-0002-4414-9849,3.398,2023-06-09T14:38:00Z,2023-07-03T13:57:00Z,1.28,0000-0001-8685-1428,2,21752.6,99,58.8,0.377,0000-0001-8615-3910,NA,NA,20260106T155715Z,RELEASE-2026,DP1.10026.001,MLBS,2023,cfc_LMA
fd7541a7-74bd-4996-bc37-b4d3ead3cdfc,MLBS_015.basePlot.cfc,D07,MLBS,distributed,gv/1/Di3XvHaUA3kxsInnUqg5SqQOYgsT3g+FUCovpM=,A00000224392,2023-06-05T19:20:00Z,gv/1/Di3XvHaUA3kxsInnUqg5SqQOYgskYeiKRlI9S0=,NA,samples experienced freeze-thaw,leaf,2023-06-09T16:32:00Z,0000-0002-4414-9849,2.39,2023-06-09T16:32:00Z,2023-07-03T13:27:00Z,0.996,0000-0001-8685-1428,4,12258,99,81.3,0.417,0000-0001-8615-3910,NA,NA,20260106T155715Z,RELEASE-2026,DP1.10026.001,MLBS,2023,cfc_LMA
3eb01fb6-6c4d-4cc4-a8cd-ad619df50fd2,MLBS_006.basePlot.cfc,D07,MLBS,distributed,gv/1/Di3XvFpR16ha7GQ15Mpe/yKS1mWjX5wzK38OkU=,A00000224389,2023-06-06T12:06:00Z,gv/1/Di3XvFpR16ha7GQ15Mpe/yKS1mWiPNhrMkzF1c=,NA,OK,leaf,2023-06-09T17:09:00Z,0000-0002-4414-9849,1.693,2023-06-09T17:10:00Z,2023-07-03T15:12:00Z,0.738,0000-0001-8685-1428,21,2413,100,305.8,0.436,0000-0001-6846-5179,NA,NA,20260106T155715Z,RELEASE-2026,DP1.10026.001,MLBS,2023,cfc_LMA
b7644144-1cc0-4485-8207-b1a69526bd0c,MLBS_006.basePlot.cfc,D07,MLBS,distributed,gv/1/Di3XvHs6llQz3VbEv4GBUmedNZ1h+NUgN8dJF4=,A00000224387,2023-06-06T12:06:00Z,gv/1/Di3XvHs6llQz3VbEv4GBUmedNZ13RTGCnNnrdOVC3U2XKt0Gg==,NA,samples experienced freeze-thaw,leaf,2023-06-09T12:12:00Z,0000-0002-4414-9849,2.491,2023-06-09T12:15:00Z,2023-07-03T17:25:00Z,0.961,0000-0001-8685-1428,14,13957.1,100,68.9,0.386,0000-0001-6846-5179,NA,NA,20260106T155715Z,RELEASE-2026,DP1.10026.001,MLBS,2023,cfc_LMA
0582c291-4115-45e3-9b19-6fa557bb1ef4,MLBS_006.basePlot.cfc,D07,MLBS,distributed,gv/1/Di3XvHDzN67ZiS5FbwGSTBg9GtYkayy1b21HVc=,A00000224388,2023-06-06T12:06:00Z,gv/1/Di3XvHDzN67ZiS5FbwGSTBg9GtYS6HhiTfMw2g=,NA,samples experienced freeze-thaw,leaf,2023-06-09T13:48:00Z,0000-0002-4414-9849,4.311,2023-06-09T13:56:00Z,2023-07-03T15:04:00Z,1.33,0000-0001-8685-1428,3,19385.6,100,68.6,0.309,0000-0001-6846-5179,NA,NA,20260106T155715Z,RELEASE-2026,DP1.10026.001,MLBS,2023,cfc_LMA
a160da9c-82a6-48dc-9212-73bed25681a1,MLBS_013.basePlot.cfc,D07,MLBS,distributed,gv/1/Di3XvGOphhpVwwShoEMSHOUBIjI5TaFN1QHDNI=,A00000224386,2023-06-06T13:47:00Z,gv/1/Di3XvGOphhpVwwShoEMSHOUBIjIL0Vg2ars3nw=,NA,samples experienced freeze-thaw,leaf,2023-06-09T13:09:00Z,0000-0002-4414-9849,3.452,2023-06-09T13:11:00Z,2023-07-03T17:10:00Z,1.403,0000-0001-8685-1428,2,14371.5,100,97.6,0.406,0000-0001-6846-5179,NA,NA,20260106T155715Z,RELEASE-2026,DP1.10026.001,MLBS,2023,cfc_LMA
e9c00454-41aa-4b2f-afd5-54e9e8e004e9,MLBS_013.basePlot.cfc,D07,MLBS,distributed,gv/1/Di3XvFvWU/+Z7UH+Zv7hJsRx9DsOb5MTHhVedg=,A00000224385,2023-06-06T13:47:00Z,gv/1/Di3XvFvWU/+Z7UH+Zv7hJsRx9DsE8S/X1ZGHkUBEuIjZMwnYw==,NA,samples experienced freeze-thaw,leaf,2023-06-09T16:56:00Z,0000-0002-4414-9849,2.07,2023-06-09T16:57:00Z,2023-07-03T16:55:00Z,0.835,0000-0001-8685-1428,2,9183.9,100,90.9,0.403,0000-0001-6846-5179,NA,NA,20260106T155715Z,RELEASE-2026,DP1.10026.001,MLBS,2023,cfc_LMA
b76530ed-dbcf-4748-957c-32cf3914a012,MLBS_014.basePlot.cfc,D07,MLBS,distributed,gv/1/Di3XvEBe5eKv2zJArRua2Bv176ED2t94vFH44k=,A00000224384,2023-06-06T15:11:00Z,gv/1/Di3XvEBe5eKv2zJArRua2Bv176EXCxuHAZi2X0=,NA,samples experienced freeze-thaw,leaf,2023-06-09T13:31:00Z,0000-0002-4414-9849,3.279,2023-06-09T13:36:00Z,2023-07-03T15:06:00Z,0.926,0000-0001-8685-1428,6,13151.3,100,70.4,0.282,0000-0001-6846-5179,NA,NA,20260106T155715Z,RELEASE-2026,DP1.10026.001,MLBS,2023,cfc_LMA
3213d4f0-3e9b-418f-811c-b93ed7701c71,MLBS_002.basePlot.cfc,D07,MLBS,distributed,gv/1/Di3XvF/o8Z1rr3bWWAPRo3uGPTasrg1AXslqX4=,A00000224408,2023-06-06T17:44:00Z,gv/1/Di3XvF/o8Z1rr3bWWAPRo3uGPTaOEfcZ7rmKIA=,NA,samples experienced freeze-thaw,leaf,2023-06-09T13:03:00Z,0000-0002-4414-9849,3.001,2023-06-09T13:07:00Z,2023-07-03T17:13:00Z,0.945,0000-0001-8685-1428,2,11265.6,100,83.9,0.315,0000-0001-8615-3910,NA,NA,20260106T155715Z,RELEASE-2026,DP1.10026.001,MLBS,2023,cfc_LMA
e240e1dc-e43e-4f88-84a4-6fc47b8d67fa,MLBS_002.basePlot.cfc,D07,MLBS,distributed,gv/1/Di3XvHXYHzGfvwaDDrJ/6GsbHAFmgRQ/uHhdeA=,A00000224407,2023-06-06T17:44:00Z,gv/1/Di3XvHXYHzGfvwaDDrJ/6GsbHAF2317r5dNykc=,NA,samples experienced freeze-thaw,leaf,2023-06-09T13:21:00Z,0000-0002-4414-9849,4.018,2023-06-09T13:26:00Z,2023-07-03T14:02:00Z,1.173,0000-0001-8685-1428,4,17060.1,98,68.8,0.292,0000-0001-6846-5179,NA,NA,20260106T155715Z,RELEASE-2026,DP1.10026.001,MLBS,2023,cfc_LMA
ab899760-3880-47c0-afc3-ef255895bb0e,MLBS_002.basePlot.cfc,D07,MLBS,distributed,gv/1/Di3XvGK91WgTxBVo4B/ueGdwI1iaHFMUg7ZG7c=,A00000224383,2023-06-06T17:44:00Z,gv/1/Di3XvGK91WgTxBVo4B/ueGdwI1ih826u3SwCIWAQmpXVTaJIg==,NA,samples experienced freeze-thaw,leaf,2023-06-09T16:54:00Z,0000-0002-4414-9849,3.064,2023-06-09T16:55:00Z,2023-07-03T16:57:00Z,1.316,0000-0001-8685-1428,12,17260.3,95,76.2,0.43,0000-0001-6846-5179,NA,NA,20260106T155715Z,RELEASE-2026,DP1.10026.001,MLBS,2023,cfc_LMA
6b22e5a3-9829-4e49-9beb-081bd0de0d72,MLBS_065.basePlot.cfc,D07,MLBS,tower,gv/1/Di3XvHft4Kz2gEngafhrAEOoGl8lrB3UhLMy14=,A00000224409,2023-06-06T19:46:00Z,gv/1/Di3XvHft4Kz2gEngafhrAEOoGl8FbAtOEwx0WA=,NA,OK,leaf,2023-06-09T16:52:00Z,0000-0002-4414-9849,3.417,2023-06-09T16:52:00Z,2023-07-03T17:01:00Z,1.186,0000-0001-8685-1428,9,19424.3,95,61.1,0.347,0000-0001-8615-3910,NA,NA,20260106T155715Z,RELEASE-2026,DP1.10026.001,MLBS,2023,cfc_LMA
3f6d35b3-010a-4b34-b448-53444b4131a5,MLBS_065.basePlot.cfc,D07,MLBS,tower,gv/1/Di3XvE+aZkWmzBPSCi1gvOMPLE598PTHzZQMQw=,A00000224410,2023-06-06T19:46:00Z,gv/1/Di3XvE+aZkWmzBPSCi1gvOMPLE5+++vr2IAW9U=,NA,OK,leaf,2023-06-09T16:00:00Z,0000-0002-4414-9849,2.317,2023-06-09T16:05:00Z,2023-07-03T13:54:00Z,0.655,0000-0001-8685-1428,15,12227.9,98,53.6,0.283,0000-0001-8615-3910,NA,NA,20260106T155715Z,RELEASE-2026,DP1.10026.001,MLBS,2023,cfc_LMA
613573dc-54b8-4d66-9bcc-c66d82f760bd,MLBS_065.basePlot.cfc,D07,MLBS,tower,gv/1/Di3XvHUVCxCBW+BqsIFYMHJnrxJD9WBSEv6j98=,A00000224411,2023-06-06T19:46:00Z,gv/1/Di3XvHUVCxCBW+BqsIFYMHJnrxJEdUT/jyKe2I=,NA,samples experienced freeze-thaw,leaf,2023-06-09T13:17:00Z,0000-0002-4414-9849,3.769,2023-06-09T13:19:00Z,2023-07-03T17:08:00Z,1.214,0000-0001-8685-1428,3,16187.5,95,75,0.322,0000-0001-6846-5179,NA,NA,20260106T155715Z,RELEASE-2026,DP1.10026.001,MLBS,2023,cfc_LMA
0fea8bc0-aa6e-41cb-8f02-259bcf8b47d1,MLBS_075.basePlot.cfc,D07,MLBS,tower,gv/1/Di3XvHWoxxjxzIQhc/J46PIjt0YF4hMEcRo3bY=,A00000224396,2023-06-06T21:14:00Z,gv/1/Di3XvHWoxxjxzIQhc/J46PIjt0Y1p84BokD8EQ=,NA,OK,leaf,2023-06-09T17:19:00Z,0000-0002-4414-9849,2.91,2023-06-09T17:21:00Z,2023-07-03T18:14:00Z,1.008,0000-0001-8685-1428,7,16563.1,100,60.9,0.346,0000-0001-8615-3910,NA,NA,20260106T155715Z,RELEASE-2026,DP1.10026.001,MLBS,2023,cfc_LMA
2df92f34-6223-4bb9-91fc-78e2a272a310,MLBS_075.basePlot.cfc,D07,MLBS,tower,gv/1/Di3XvGozAzphKv8+Z1OFNpUiwque0NXFLqne3o=,A00000224412,2023-06-06T21:14:00Z,gv/1/Di3XvGozAzphKv8+Z1OFNpUiwqujVtZkVd3+Gg=,NA,OK,leaf,2023-06-09T16:42:00Z,0000-0002-4414-9849,3.781,2023-06-09T16:43:00Z,2023-07-03T17:17:00Z,1.717,0000-0001-8685-1428,12,17646.3,97,97.3,0.454,0000-0001-8615-3910,NA,NA,20260106T155715Z,RELEASE-2026,DP1.10026.001,MLBS,2023,cfc_LMA
834f249c-e7a7-418e-90fa-15ff42a2b774,MLBS_008.basePlot.cfc,D07,MLBS,distributed,gv/1/Di3XvFcG8sRuqF47DaAdoF5i/3ILV0YFsW78Fc=,A00000224395,2023-06-07T12:24:00Z,gv/1/Di3XvFcG8sRuqF47DaAdoF5i/3IQK6yRkmKgQD/GTHHDAyKkA==,NA,samples experienced freeze-thaw,leaf,2023-06-09T12:39:00Z,0000-0002-4414-9849,4.595,2023-06-09T12:40:00Z,2023-07-03T17:22:00Z,1.492,0000-0001-8685-1428,1,17105.4,98,87.2,0.325,0000-0001-6846-5179,NA,NA,20260106T155715Z,RELEASE-2026,DP1.10026.001,MLBS,2023,cfc_LMA
49c3e291-efec-4ed6-bbcd-4d480e56f52b,MLBS_008.basePlot.cfc,D07,MLBS,distributed,gv/1/Di3XvGiGQlUFc+uCcZgw9ZI8772teeYI0E06Es=,A00000224394,2023-06-07T12:24:00Z,gv/1/Di3XvGiGQlUFc+uCcZgw9ZI8772MXl2ap18D9o=,NA,samples experienced freeze-thaw,leaf,2023-06-09T13:41:00Z,0000-0002-4414-9849,3.678,2023-06-09T13:44:00Z,2023-07-03T15:09:00Z,0.946,0000-0001-8685-1428,5,13697.5,99,69.1,0.257,0000-0001-6846-5179,NA,NA,20260106T155715Z,RELEASE-2026,DP1.10026.001,MLBS,2023,cfc_LMA
f2a799cb-2d7b-4263-b069-6087761c3df8,MLBS_016.basePlot.cfc,D07,MLBS,distributed,gv/1/Di3XvG+i3RXiDJa0Y03EcKbcO5IMtitnA8As88=,A00000224397,2023-06-07T15:47:00Z,gv/1/Di3XvG+i3RXiDJa0Y03EcKbcO5IrKel52DeAyIdS2y3lVht2A==,NA,samples experienced freeze-thaw,leaf,2023-06-09T16:25:00Z,0000-0002-4414-9849,2.455,2023-06-09T16:29:00Z,2023-07-03T13:30:00Z,0.892,0000-0001-8685-1428,4,11764.3,100,75.8,0.363,0000-0001-8615-3910,NA,NA,20260106T155715Z,RELEASE-2026,DP1.10026.001,MLBS,2023,cfc_LMA
ac9f86b9-1195-4097-905a-1d9609732526,MLBS_016.basePlot.cfc,D07,MLBS,distributed,gv/1/Di3XvGWO8jVhSCUbrHw+AokNOxeOyOyJg8PDNk=,A00000224393,2023-06-07T15:47:00Z,gv/1/Di3XvGWO8jVhSCUbrHw+AokNOxew5aNAFo8dp8=,NA,samples experienced freeze-thaw,leaf,2023-06-09T12:46:00Z,0000-0002-4414-9849,3.775,2023-06-09T12:49:00Z,2023-07-03T17:15:00Z,1.289,0000-0001-8685-1428,5,17221.3,100,74.8,0.341,0000-0001-8615-3910,NA,NA,20260106T155715Z,RELEASE-2026,DP1.10026.001,MLBS,2023,cfc_LMA
7f9ea5be-6ef8-4ae9-bc08-990f572698b5,MLBS_073.basePlot.cfc,D07,MLBS,tower,gv/1/Di3XvEnm928Dwh5uDS6lU1vUT6HaGLNbK+kTLs=,A00000224400,2023-06-07T16:50:00Z,gv/1/Di3XvEnm928Dwh5uDS6lU1vUT6HooFdlZD+0k4=,NA,samples experienced freeze-thaw,leaf,2023-06-09T17:14:00Z,0000-0002-4414-9849,3.143,2023-06-09T17:16:00Z,2023-07-03T18:11:00Z,0.895,0000-0001-8685-1428,14,14427.3,100,62,0.285,0000-0001-8615-3910,NA,NA,20260106T155715Z,RELEASE-2026,DP1.10026.001,MLBS,2023,cfc_LMA
cc5366db-b8d8-417f-ac8e-6cc73493e6b1,MLBS_073.basePlot.cfc,D07,MLBS,tower,gv/1/Di3XvGmG6YSdk769hFAX0IFLY9oHLCFLqz7tW4=,A00000224399,2023-06-07T16:50:00Z,gv/1/Di3XvGmG6YSdk769hFAX0IFLY9omMUsKuvUSS8=,NA,samples experienced freeze-thaw,leaf,2023-06-09T16:07:00Z,0000-0002-4414-9849,3.58,2023-06-09T16:11:00Z,2023-07-03T13:24:00Z,0.937,0000-0001-8685-1428,2,17629.5,100,53.1,0.262,0000-0001-8615-3910,NA,NA,20260106T155715Z,RELEASE-2026,DP1.10026.001,MLBS,2023,cfc_LMA
4adccf2a-423a-4096-a24e-cc3d5136fb24,MLBS_062.basePlot.cfc,D07,MLBS,tower,gv/1/Di3XvG5WnDOfg0LzZiPw8RspzyGggFG1kP3Yr8=,A00000224403,2023-06-07T18:17:00Z,gv/1/Di3XvG5WnDOfg0LzZiPw8RspzyGfpclHdiMG/s=,NA,OK,leaf,2023-06-09T15:51:00Z,0000-0002-4414-9849,1.484,2023-06-09T15:53:00Z,2023-07-03T17:05:00Z,0.654,0000-0001-8685-1428,252,4247.3,100,154,0.441,0000-0003-1944-3584,NA,NA,20260106T155715Z,RELEASE-2026,DP1.10026.001,MLBS,2023,cfc_LMA
6e170d07-0def-4636-b5e1-ae77dbc1a87e,MLBS_062.basePlot.cfc,D07,MLBS,tower,gv/1/Di3XvHF3BRRvZm4xMZirNqAmIXigyMKeK3C6Pk=,A00000224402,2023-06-07T18:17:00Z,gv/1/Di3XvHF3BRRvZm4xMZirNqAmIXi4QbbOJh2Spk=,NA,samples experienced freeze-thaw,leaf,2023-06-09T16:21:00Z,0000-0002-4414-9849,4.307,2023-06-09T16:23:00Z,2023-07-03T13:20:00Z,2.088,0000-0001-8685-1428,13,21136.4,98,98.8,0.485,0000-0001-8615-3910,NA,NA,20260106T155715Z,RELEASE-2026,DP1.10026.001,MLBS,2023,cfc_LMA
cbaaf035-4b73-4b9c-8754-2f17b604b75b,MLBS_071.basePlot.cfc,D07,MLBS,tower,gv/1/Di3XvHnwNP4tNekwzpPEgxOD0f+OEyLKDazWCY=,A00000224404,2023-06-07T20:06:00Z,gv/1/Di3XvHnwNP4tNekwzpPEgxOD0f+tyeDa0L8O4Y=,NA,OK,leaf,2023-06-09T16:14:00Z,0000-0002-4414-9849,2.634,2023-06-09T16:14:00Z,2023-07-03T13:16:00Z,1.001,0000-0001-8685-1428,13,15468.1,98,64.7,0.38,0000-0001-8615-3910,NA,NA,20260106T155715Z,RELEASE-2026,DP1.10026.001,MLBS,2023,cfc_LMA
61bbaab1-4b4c-4463-b72f-4516a0236605,MLBS_071.basePlot.cfc,D07,MLBS,tower,gv/1/Di3XvHDwJS2SrVpO/w2HQl+th3PBkQ8GWz0aMs=,A00000224405,2023-06-07T20:06:00Z,gv/1/Di3XvHDwJS2SrVpO/w2HQl+th3Pc7VpuqKki+o=,NA,OK,leaf,2023-06-09T17:03:00Z,0000-0002-4414-9849,0.51,2023-06-09T17:05:00Z,2023-07-03T13:22:00Z,0.248,0000-0001-8685-1428,24,1477.5,100,167.8,0.487,0000-0003-1944-3584,NA,NA,20260106T155715Z,RELEASE-2026,DP1.10026.001,MLBS,2023,cfc_LMA
da64aba3-5c7a-40b5-8aa8-5be582747b85,MLBS_064.basePlot.cfc,D07,MLBS,tower,gv/1/Di3XvHdPsxwxTV2Ld9yt9wyXcPkgXxeBjdMiP8=,A00000224406,2023-06-08T12:17:00Z,gv/1/Di3XvHdPsxwxTV2Ld9yt9wyXcPk0xnyLCqn+L8=,NA,OK,leaf,2023-06-09T16:36:00Z,0000-0002-4414-9849,3.005,2023-06-09T16:38:00Z,2023-07-03T17:03:00Z,1.2,0000-0001-8685-1428,4,15200.9,98,78.9,0.399,0000-0001-8615-3910,NA,NA,20260106T155715Z,RELEASE-2026,DP1.10026.001,MLBS,2023,cfc_LMA
928c5b3a-81bb-41ce-b38a-ed6debc6e93a,MLBS_076.basePlot.cfc,D07,MLBS,tower,gv/1/Di3XvGxjPoxk1KhC6HIQfFEUBU/jTMdkmHzv+Y=,A00000224382,2023-06-12T20:42:00Z,gv/1/Di3XvGxjPoxk1KhC6HIQfFEUBU/P+rS3E/QXyk=,NA,OK,leaf,2023-06-16T13:07:00Z,0000-0001-8685-1428,2.926,2023-06-16T13:08:00Z,2023-07-03T17:28:00Z,1.14,0000-0001-8685-1428,4,15389,99,74.1,0.39,0000-0003-1944-3584,NA,NA,20260106T155715Z,RELEASE-2026,DP1.10026.001,MLBS,2023,cfc_LMA
d45673fc-969e-4e12-9b20-da1f5595a1d1,MLBS_073.basePlot.cfc,D07,MLBS,tower,gv/1/Di3XvHqqMqcU5xL1ZCx5rm64fVC+rVJPP2Hi9c=,A00000224381,2023-06-13T15:00:00Z,gv/1/Di3XvHqqMqcU5xL1ZCx5rm64fVC62VolI3sxNs=,NA,OK,leaf,2023-06-16T13:02:00Z,0000-0001-8685-1428,2.522,2023-06-16T13:03:00Z,2023-07-03T17:33:00Z,1.102,0000-0001-8685-1428,6,14893.7,99,74,0.437,0000-0001-8615-3910,NA,NA,20260106T155715Z,RELEASE-2026,DP1.10026.001,MLBS,2023,cfc_LMA
3527fe47-d5ff-4ed1-b17c-4813e0b1ec8a,MLBS_009.basePlot.cfc,D07,MLBS,distributed,gv/1/Di3XvEZ32fKrFrcU5xSAJzkXnmDLyYevETNNkM=,A00000224380,2023-06-14T13:13:00Z,gv/1/Di3XvEZ32fKrFrcU5xSAJzkXnmDE2ZNg1nEABQ=,NA,OK,leaf,2023-06-16T12:47:00Z,0000-0001-8685-1428,2.762,2023-06-16T12:50:00Z,2023-07-03T17:37:00Z,0.942,0000-0001-8685-1428,3,14385.8,100,65.5,0.341,0000-0001-8615-3910,NA,NA,20260106T155715Z,RELEASE-2026,DP1.10026.001,MLBS,2023,cfc_LMA
37ee01f5-b2cc-4c34-aafb-ed938b8e9849,MLBS_009.basePlot.cfc,D07,MLBS,distributed,gv/1/Di3XvG+ksAN06OUMfjRXOcvauL5e3pICQOrH48=,A00000224378,2023-06-14T13:13:00Z,gv/1/Di3XvG+ksAN06OUMfjRXOcvauL5zx9HopyXYJRzr1zNT7+ezA==,NA,OK,leaf,2023-06-16T12:36:00Z,0000-0001-8685-1428,3.392,2023-06-16T12:40:00Z,2023-07-03T17:45:00Z,0.922,0000-0001-8685-1428,3,13618.9,98,67.7,0.272,0000-0001-8615-3910,NA,NA,20260106T155715Z,RELEASE-2026,DP1.10026.001,MLBS,2023,cfc_LMA
1984657a-839e-42a5-8485-32e449110df2,MLBS_009.basePlot.cfc,D07,MLBS,distributed,gv/1/Di3XvGwPyjkavET/BPLYcNzWHQxf7B9gAjFrvc=,A00000224379,2023-06-14T13:13:00Z,gv/1/Di3XvGwPyjkavET/BPLYcNzWHQxdHsBT3Ok/Bg=,NA,OK,leaf,2023-06-16T12:52:00Z,0000-0001-8685-1428,2.677,2023-06-16T13:01:00Z,2023-07-03T17:35:00Z,1.015,0000-0001-8685-1428,2,13790.1,97,73.6,0.379,0000-0001-8615-3910,NA,NA,20260106T155715Z,RELEASE-2026,DP1.10026.001,MLBS,2023,cfc_LMA
7c30f3bf-8ec1-4771-8991-cb07eb8e98b1,MLBS_015.basePlot.cfc,D07,MLBS,distributed,gv/1/Di3XvG6QxsGnK1AJ47Yz4BzT0CHsxheGhntWL8=,A00000220122,2023-06-15T11:25:00Z,gv/1/Di3XvG6QxsGnK1AJ47Yz4BzT0CHAeOVtUPqNJo=,NA,OK,leaf,2023-06-16T12:43:00Z,0000-0001-8685-1428,2.382,2023-06-16T12:46:00Z,2023-07-03T17:40:00Z,0.701,0000-0001-8685-1428,4,13234,100,53,0.294,0000-0001-8615-3910,NA,NA,20260106T155715Z,RELEASE-2026,DP1.10026.001,MLBS,2023,cfc_LMA
9aa992a1-8f28-4018-a44e-8b61d3059308,MLBS_015.basePlot.cfc,D07,MLBS,distributed,gv/1/Di3XvE73brmmDX/PGkw+/5jhmDPHJ04MCk4dfQ=,A00000220110,2023-06-15T11:25:00Z,gv/1/Di3XvE73brmmDX/PGkw+/5jhmDPIN1onoUmJbjqfLc5RKBEmg==,NA,OK,leaf,2023-06-16T12:41:00Z,0000-0001-8685-1428,2.264,2023-06-16T12:43:00Z,2023-07-03T17:42:00Z,0.88,0000-0001-8685-1428,2,12529.7,100,70.2,0.389,0000-0001-8615-3910,NA,NA,20260106T155715Z,RELEASE-2026,DP1.10026.001,MLBS,2023,cfc_LMA
855145ae-d7ba-4f23-ace6-6c878d5e2975,MLBS_016.basePlot.cfc,D07,MLBS,distributed,gv/1/Di3XvGWO8jVhSCUbi3UzVGRzlOKJWYf68Bfb84=,A00000224807,2023-06-19T19:43:00Z,gv/1/Di3XvGWO8jVhSCUbi3UzVGRzlOKutYIvYE1tz0=,NA,OK,leaf,2023-06-23T13:17:00Z,0000-0002-4414-9849,2.055,2023-06-23T13:17:00Z,2023-07-03T17:58:00Z,0.874,0000-0001-8685-1428,4,10338.2,99,84.5,0.425,0000-0001-8615-3910,NA,NA,20260106T155715Z,RELEASE-2026,DP1.10026.001,MLBS,2023,cfc_LMA
31f75b3e-ee9a-4044-93c7-4f7bb59b8ff1,MLBS_007.basePlot.cfc,D07,MLBS,distributed,gv/1/Di3XvHogB6hPRJIlQ6LzLEsVbbC3ddaWSESbBo=,A00000224804,2023-06-20T12:48:00Z,gv/1/Di3XvHogB6hPRJIlQ6LzLEsVbbCSvS1ks5590A=,NA,OK,leaf,2023-06-23T13:27:00Z,0000-0002-4414-9849,2.395,2023-06-23T13:27:00Z,2023-07-03T18:01:00Z,0.685,0000-0001-8685-1428,5,15666.4,99,43.7,0.286,0000-0001-6846-5179,NA,NA,20260106T155715Z,RELEASE-2026,DP1.10026.001,MLBS,2023,cfc_LMA
e3529c29-28d6-4400-8b95-9a4fa60ad892,MLBS_006.basePlot.cfc,D07,MLBS,distributed,gv/1/Di3XvHs6llQz3VbEv4GBUmedNZ1r5hmZc2W6VI=,A00000224805,2023-06-20T14:39:00Z,gv/1/Di3XvHs6llQz3VbEv4GBUmedNZ1dTDTlxj7HSVDo080vYoU7Q==,NA,OK,leaf,2023-06-23T12:54:00Z,0000-0002-4414-9849,2.116,2023-06-23T12:54:00Z,2023-07-03T17:53:00Z,0.786,0000-0001-8685-1428,10,12901.9,99,60.9,0.371,0000-0001-6846-5179,NA,NA,20260106T155715Z,RELEASE-2026,DP1.10026.001,MLBS,2023,cfc_LMA
7039f9c2-7d91-447e-95dc-c56ab8306e5a,MLBS_006.basePlot.cfc,D07,MLBS,distributed,gv/1/Di3XvHDzN67ZiS5FZhmFL+4zYIFe/AYJHGrfKs=,A00000224806,2023-06-20T14:39:00Z,gv/1/Di3XvHDzN67ZiS5FZhmFL+4zYIFI5NNJhwaZGE=,NA,OK,leaf,2023-06-23T13:33:00Z,0000-0002-4414-9849,3.316,2023-06-23T13:33:00Z,2023-07-03T18:03:00Z,1.317,0000-0001-8685-1428,2,12434.9,98,105.9,0.397,0000-0001-6846-5179,NA,NA,20260106T155715Z,RELEASE-2026,DP1.10026.001,MLBS,2023,cfc_LMA
104e61dc-761f-43e4-b34f-7bb4b548f60a,MLBS_013.basePlot.cfc,D07,MLBS,distributed,gv/1/Di3XvGOphhpVwwShoEMSHOUBIjIDglBAOkvGxc=,A00000224803,2023-06-20T16:10:00Z,gv/1/Di3XvGOphhpVwwShoEMSHOUBIjIu5otW7sv1EU=,NA,OK,leaf,2023-06-23T13:55:00Z,0000-0002-4414-9849,1.941,2023-06-23T13:55:00Z,2023-07-03T17:51:00Z,0.821,0000-0001-8685-1428,3,10752.1,99,76.4,0.423,0000-0001-8615-3910,NA,NA,20260106T155715Z,RELEASE-2026,DP1.10026.001,MLBS,2023,cfc_LMA
12e3ec8d-031c-4bb5-94a9-952f44792dc4,MLBS_013.basePlot.cfc,D07,MLBS,distributed,gv/1/Di3XvE2TwfyP+iNexmCvXtcexZ+PRXs+dxcN/o=,A00000224801,2023-06-20T16:10:00Z,gv/1/Di3XvE2TwfyP+iNexmCvXtcexZ+O8bYCeQNSLl7EV4IjHh7Fg==,NA,OK,leaf,2023-06-23T13:50:00Z,0000-0002-4414-9849,2.872,2023-06-23T13:50:00Z,2023-07-03T18:05:00Z,1.146,0000-0001-8685-1428,3,17774.1,99,64.5,0.399,0000-0001-6846-5179,NA,NA,20260106T155715Z,RELEASE-2026,DP1.10026.001,MLBS,2023,cfc_LMA
024c388b-78c9-41c6-b706-38e1e1d42661,MLBS_013.basePlot.cfc,D07,MLBS,distributed,gv/1/Di3XvFvWU/+Z7UH+Zv7hJsRx9DsDUOR9VfbZp0=,A00000224802,2023-06-20T16:10:00Z,gv/1/Di3XvFvWU/+Z7UH+Zv7hJsRx9DsNWgFz6kdsEPOpQ8Ozrjpqg==,NA,OK,leaf,2023-06-23T13:05:00Z,0000-0002-4414-9849,2.416,2023-06-23T13:05:00Z,2023-07-03T17:56:00Z,1.081,0000-0001-8685-1428,2,11681.2,99,92.5,0.447,0000-0001-6846-5179,NA,NA,20260106T155715Z,RELEASE-2026,DP1.10026.001,MLBS,2023,cfc_LMA
ebce6cf3-26e9-4416-812a-07aeecf3b7bc,MLBS_014.basePlot.cfc,D07,MLBS,distributed,gv/1/Di3XvEBe5eKv2zJArRua2Bv176Ey37Tn4VhJcU=,A00000224800,2023-06-20T19:18:00Z,gv/1/Di3XvEBe5eKv2zJArRua2Bv176EsxGvMV1hpRE=,NA,OK,leaf,2023-06-23T14:03:00Z,0000-0002-4414-9849,2.626,2023-06-23T14:03:00Z,2023-07-03T17:49:00Z,0.694,0000-0001-8685-1428,3,15598.4,99,44.5,0.264,0000-0001-6846-5179,NA,NA,20260106T155715Z,RELEASE-2026,DP1.10026.001,MLBS,2023,cfc_LMA
da215234-cb2f-44a0-83be-2d8ac62f7f44,MLBS_065.basePlot.cfc,D07,MLBS,tower,gv/1/Di3XvHUVCxCBW+BqlHDg8iMD17+AGyx28vX5Wk=,A00000224799,2023-06-20T21:13:00Z,gv/1/Di3XvHUVCxCBW+BqlHDg8iMD17+EsfWX0bz7kU=,NA,OK,leaf,2023-06-23T13:44:00Z,0000-0002-4414-9849,3.751,2023-06-23T13:44:00Z,2023-07-03T18:07:00Z,1.401,0000-0001-8685-1428,2,13515.8,97,103.7,0.374,0000-0001-6846-5179,NA,NA,20260106T155715Z,RELEASE-2026,DP1.10026.001,MLBS,2023,cfc_LMA
